{
  "train": {
    "accuracy": 1.0,
    "loss": 0.4270490446686745
  },
  "eval": {
    "accuracy": 1.0,
    "loss": 0.40561878346815344
  },
  "best": 1.0,
  "train_steps": 1500
}